name,date (JD),x (AU),y (AU),z (AU),vx (AU/yr),vy (AU/yr),vz (AU/yr),mass (M_sun),radius (AU)
Sun,2451544.5,0.0,0.0,0.0,0.0,0.0,0.0,1.0,0.0046504010695187165
Sun,2451910.5,0.0,0.0,0.0,0.0,0.0,0.0,1.0,0.0046504010695187165
Sun,2452275.5,0.0,0.0,0.0,0.0,0.0,0.0,1.0,0.0046504010695187165
Sun,2452640.5,0.0,0.0,0.0,0.0,0.0,0.0,1.0,0.0046504010695187165
Sun,2453005.5,0.0,0.0,0.0,0.0,0.0,0.0,1.0,0.0046504010695187165
Sun,2453371.5,0.0,0.0,0.0,0.0,0.0,0.0,1.0,0.0046504010695187165
Sun,2453736.5,0.0,0.0,0.0,0.0,0.0,0.0,1.0,0.0046504010695187165
Sun,2454101.5,0.0,0.0,0.0,0.0,0.0,0.0,1.0,0.0046504010695187165
Sun,2454466.5,0.0,0.0,0.0,0.0,0.0,0.0,1.0,0.0046504010695187165
Sun,2454832.5,0.0,0.0,0.0,0.0,0.0,0.0,1.0,0.0046504010695187165
Sun,2455197.5,0.0,0.0,0.0,0.0,0.0,0.0,1.0,0.0046504010695187165
Sun,2455562.5,0.0,0.0,0.0,0.0,0.0,0.0,1.0,0.0046504010695187165
Sun,2455927.5,0.0,0.0,0.0,0.0,0.0,0.0,1.0,0.0046504010695187165
Sun,2456293.5,0.0,0.0,0.0,0.0,0.0,0.0,1.0,0.0046504010695187165
Sun,2456658.5,0.0,0.0,0.0,0.0,0.0,0.0,1.0,0.0046504010695187165
Sun,2457023.5,0.0,0.0,0.0,0.0,0.0,0.0,1.0,0.0046504010695187165
Sun,2457388.5,0.0,0.0,0.0,0.0,0.0,0.0,1.0,0.0046504010695187165
Sun,2457754.5,0.0,0.0,0.0,0.0,0.0,0.0,1.0,0.0046504010695187165
Sun,2458119.5,0.0,0.0,0.0,0.0,0.0,0.0,1.0,0.0046504010695187165
Sun,2458484.5,0.0,0.0,0.0,0.0,0.0,0.0,1.0,0.0046504010695187165
Sun,2458849.5,0.0,0.0,0.0,0.0,0.0,0.0,1.0,0.0046504010695187165
Sun,2459215.5,0.0,0.0,0.0,0.0,0.0,0.0,1.0,0.0046504010695187165
Sun,2459580.5,0.0,0.0,0.0,0.0,0.0,0.0,1.0,0.0046504010695187165
Sun,2459945.5,0.0,0.0,0.0,0.0,0.0,0.0,1.0,0.0046504010695187165
Sun,2460310.5,0.0,0.0,0.0,0.0,0.0,0.0,1.0,0.0046504010695187165
Sun,2460676.5,0.0,0.0,0.0,0.0,0.0,0.0,1.0,0.0046504010695187165
Mercury,2451544.5,-0.1407280797108344,-0.4439009580270337,-0.02334555919971206,7.731930263847981,-2.5925355223585598,-0.9214640339701086,1.6596279537456007e-07,1.6310160427807487e-05
Mercury,2451910.5,0.1687264923391241,-0.409639514875504,-0.04894981999546058,7.443784400410514,4.431897375466284,-0.32117093569020233,1.6596279537456007e-07,1.6310160427807487e-05
Mercury,2452275.5,0.3537712026124149,-0.141804481292207,-0.04405335901649502,1.8204509706452043,10.003341684410172,0.6501014220934633,1.6596279537456007e-07,1.6310160427807487e-05
Mercury,2452640.5,0.2278458273221384,0.2196459017861847,-0.002967658479463578,-9.161146063759555,7.833590655946745,1.4807290401550948,1.6596279537456007e-07,1.6310160427807487e-05
Mercury,2453005.5,-0.1833877849116409,0.2659099220145016,0.03855362592672194,-10.532016918887479,-5.433837406178448,0.5226522424714054,1.6596279537456007e-07,1.6310160427807487e-05
Mercury,2453371.5,-0.3949229053156839,-0.07039968024130919,0.0304919523530746,-0.3320810545692219,-9.673887258767406,-0.7598452520709824,1.6596279537456007e-07,1.6310160427807487e-05
Mercury,2453736.5,-0.2790558725747881,-0.3599412757331281,-0.003797170090018067,6.040118124925675,-5.815948549715521,-1.0294562624010026,1.6596279537456007e-07,1.6310160427807487e-05
Mercury,2454101.5,-0.01101694358512133,-0.4627459951387456,-0.03679438914304105,8.212207520552692,0.28277032659853,-0.7305191064835241,1.6596279537456007e-07,1.6310160427807487e-05
Mercury,2454466.5,0.2600586802650767,-0.3341774685967028,-0.05116622176214135,6.063776151532559,6.808718425515755,-0.0001837620444060722,1.6596279537456007e-07,1.6310160427807487e-05
Mercury,2454832.5,0.3474330822455467,0.02791702025842368,-0.02960044572769261,-2.8077694486113263,10.703241304582672,1.1321037665928448,1.6596279537456007e-07,1.6310160427807487e-05
Mercury,2455197.5,0.05090545927473764,0.3026749894763228,0.02005827733699142,-12.194365698182926,2.0848656003779893,1.289280001661171,1.6596279537456007e-07,1.6310160427807487e-05
Mercury,2455562.5,-0.3212536971209869,0.1463277628840591,0.04143261847769398,-6.375121785597974,-8.915729293749266,-0.1434992386476935,1.6596279537456007e-07,1.6310160427807487e-05
Mercury,2455927.5,-0.3792491530387458,-0.1942412459725321,0.018927212473976,2.566102809587123,-8.697755885719237,-0.9461057115112745,1.6596279537456007e-07,1.6310160427807487e-05
Mercury,2456293.5,-0.1686560840549479,-0.4332494000892287,-0.01992440388814182,7.510299715982345,-3.2209188464352305,-0.9522585233741219,1.6596279537456007e-07,1.6310160427807487e-05
Mercury,2456658.5,0.1197269283984225,-0.4342609610003534,-0.04646693013029181,7.846304114581391,3.255079227778227,-0.45393232007707834,1.6596279537456007e-07,1.6310160427807487e-05
Mercury,2457023.5,0.3373130579168518,-0.2035999311479314,-0.04758290274438762,3.2937173948399288,9.268754086061593,0.4551497870564679,1.6596279537456007e-07,1.6310160427807487e-05
Mercury,2457388.5,0.2804176352202883,0.1644224940962393,-0.01229169127991984,-7.206352389914452,9.315309865275008,1.4222992794733906,1.6596279537456007e-07,1.6310160427807487e-05
Mercury,2457754.5,-0.1433719450349873,0.2837093716033867,0.03633570660692306,-11.238190407566409,-4.245495646266071,0.6841026389978835,1.6596279537456007e-07,1.6310160427807487e-05
Mercury,2458119.5,-0.3877081976897142,-0.007784734354832311,0.03493213520287913,-1.9315587257749656,-9.832370573469937,-0.6262315243225185,1.6596279537456007e-07,1.6310160427807487e-05
Mercury,2458484.5,-0.3151684992034603,-0.3196952670598052,0.002789503745037513,5.227014040911717,-6.745567352531437,-1.0307187138951859,1.6596279537456007e-07,1.6310160427807487e-05
Mercury,2458849.5,-0.06333487647947349,-0.4608453270675537,-0.03184761133333076,8.118838277473433,-0.8765463545868156,-0.8164089808390527,1.6596279537456007e-07,1.6310160427807487e-05
Mercury,2459215.5,0.2370131269312628,-0.3579856308716632,-0.05099461395336485,6.517838238959356,6.1758875778075115,-0.09321879333202336,1.6596279537456007e-07,1.6310160427807487e-05
Mercury,2459580.5,0.3590281495798379,-0.04075441601397297,-0.03626301978853617,-0.8281689593763909,10.669987195563548,0.9478965198614878,1.6596279537456007e-07,1.6310160427807487e-05
Mercury,2459945.5,0.1269730114807624,0.281031132701101,0.01131924496141172,-11.41929917726733,4.630046710807566,1.425800887391713,1.6596279537456007e-07,1.6310160427807487e-05
Mercury,2460310.5,-0.2746303712623295,0.2003622070373813,0.04156403015048205,-8.154766578805535,-7.8766213264448535,0.10430264385804444,1.6596279537456007e-07,1.6310160427807487e-05
Mercury,2460676.5,-0.3873030085256687,-0.1617241946342014,0.02230772540124238,1.8351731292561597,-9.03754632175597,-0.9068879402975601,1.6596279537456007e-07,1.6310160427807487e-05
Venus,2451544.5,-0.7186302169204941,-0.02250380069428597,0.0411718412863683,0.18756783589489553,-7.4168182276096,-0.11219549345489417,2.4469582704876823e-06,4.045454545454545e-05
Venus,2451910.5,0.4943094051664167,0.5270080065708116,-0.02132867261231014,-5.410877422894788,5.0223649331898015,0.38096262604228015,2.4469582704876823e-06,4.045454545454545e-05
Venus,2452275.5,0.0354941403239959,-0.7261919187177076,-0.01197733261575322,7.329126672546966,0.3336886572819447,-0.41847332126173725,2.4469582704876823e-06,4.045454545454545e-05
Venus,2452640.5,-0.5259732219593981,0.4880418025410405,0.03703352080729076,-5.051992339213779,-5.453897567764376,0.2170120329363106,2.4469582704876823e-06,4.045454545454545e-05
Venus,2453005.5,0.7250640613407018,0.01675929040641175,-0.04162064964285421,-0.20158703203106582,7.352169940830672,0.11219464058727305,2.4469582704876823e-06,4.045454545454545e-05
Venus,2453371.5,-0.473938035241089,-0.5468512058686096,0.019873886012403,5.530821976386137,-4.873294052246121,-0.38589747314188183,2.4469582704876823e-06,4.045454545454545e-05
Venus,2453736.5,-0.03186490955392027,0.7187170171959825,0.01167217038011759,-7.405612985896673,-0.36670011533477065,0.42242255637260645,2.4469582704876823e-06,4.045454545454545e-05
Venus,2454101.5,0.5378357756458838,-0.4894694878266334,-0.0377398997795492,4.924732752095779,5.435986696522366,-0.20985159876749515,2.4469582704876823e-06,4.045454545454545e-05
Venus,2454466.5,-0.7179570249453865,-0.04059443110586244,0.0408806497913291,0.37267326718601024,-7.40855934099173,-0.12291671730496552,2.4469582704876823e-06,4.045454545454545e-05
Venus,2454832.5,0.4809749823758568,0.5390761269307156,-0.02037939783946172,-5.535100282584471,4.886577532824204,0.38633805171795954,2.4469582704876823e-06,4.045454545454545e-05
Venus,2455197.5,0.05334568140875971,-0.7251674646667591,-0.01300924073867022,7.317880649990805,0.5152879598529114,-0.41527368574765866,2.4469582704876823e-06,4.045454545454545e-05
Venus,2455562.5,-0.5381092231054647,0.4746032432880535,0.03755767121665377,-4.913993796019759,-5.5787525978930965,0.20717466585323427,2.4469582704876823e-06,4.045454545454545e-05
Venus,2455927.5,0.724356634710252,0.03467170106886955,-0.04132997710166746,-0.3835358573809912,7.345652172716012,0.12277645675062061,2.4469582704876823e-06,4.045454545454545e-05
Venus,2456293.5,-0.4603226750556956,-0.5585422450166397,0.01891338369801783,5.649272327517246,-4.733259145516903,-0.39089449425588924,2.4469582704876823e-06,4.045454545454545e-05
Venus,2456658.5,-0.04988199417355073,0.717604341432521,0.0127118552534861,-7.395029029596702,-0.5520644313496452,0.41921851884063205,2.4469582704876823e-06,4.045454545454545e-05
Venus,2457023.5,0.5496573185265511,-0.4760713092708714,-0.03824501350691589,4.789449310578753,5.556322968884759,-0.2002419683444989,2.4469582704876823e-06,4.045454545454545e-05
Venus,2457388.5,-0.7168280136834565,-0.0586000289562054,0.04056203571603584,0.5570541228906195,-7.395819933030931,-0.13354646974795784,2.4469582704876823e-06,4.045454545454545e-05
Venus,2457754.5,0.4673244003927859,0.5508231282051149,-0.01941467275451918,-5.65599398302803,4.747711634201452,0.39148680833983523,2.4469582704876823e-06,4.045454545454545e-05
Venus,2458119.5,0.0711289545770716,-0.7236895082306183,-0.01403169917486311,7.302388936959578,0.6962073037243042,-0.4118451128297047,2.4469582704876823e-06,4.045454545454545e-05
Venus,2458484.5,-0.5499281876448865,0.4608535331874971,0.03805855656476177,-4.772825837673835,-5.700007273058932,0.19721766243936148,2.4469582704876823e-06,4.045454545454545e-05
Venus,2458849.5,0.7232003000354648,0.05254837843508311,-0.04101276226074742,-0.5651387400082024,7.334704940718117,0.13325520893800996,2.4469582704876823e-06,4.045454545454545e-05
Venus,2459215.5,-0.4464159718759997,-0.5699136181385723,0.01793980959789276,5.7640767470290735,-4.5902041690929805,-0.3956141084861429,2.4469582704876823e-06,4.045454545454545e-05
Venus,2459580.5,-0.06786496495899677,0.7160351157024785,0.0137436971297028,-7.3798109754517816,-0.7371403373363056,0.4157310442663285,2.4469582704876823e-06,4.045454545454545e-05
Venus,2459945.5,0.5611670047918549,-0.4623887273023179,-0.03872869882370963,4.6509899945089845,5.673201731901802,-0.1904873737492354,2.4469582704876823e-06,4.045454545454545e-05
Venus,2460310.5,-0.7152424144751042,-0.07657679282155083,0.04021840885158845,0.7411627820534583,-7.378498940724505,-0.1440977907571226,2.4469582704876823e-06,4.045454545454545e-05
Venus,2460676.5,0.4534187654737982,0.5622160792960551,-0.01844136025242647,-5.773241680788113,4.605825379915357,0.39637583178681063,2.4469582704876823e-06,4.045454545454545e-05
Earth,2451544.5,-0.1685246483858782,0.9687833049070306,-4.120490278477264e-06,-6.294698715312199,-1.098547906261844,1.3012297474884557e-05,3.002513826043238e-06,4.2586898395721926e-05
Earth,2451910.5,-0.1813703722855683,0.9664441097759161,3.028994565370247e-07,-6.278973170937923,-1.1846835444591837,0.00010105556837656574,3.002513826043238e-06,4.2586898395721926e-05
Earth,2452275.5,-0.1769199571995993,0.9672507348638444,-7.072392484546301e-06,-6.281295661770497,-1.1527074091548022,-0.0002025304567994365,3.002513826043238e-06,4.2586898395721926e-05
Earth,2452640.5,-0.1725157942637454,0.9680881502748091,-7.530043503891545e-06,-6.291439636328049,-1.125535180971456,0.00025250724562566,3.002513826043238e-06,4.2586898395721926e-05
Earth,2453005.5,-0.168115419095491,0.9688286530901933,-8.01724612141275e-06,-6.292701064485383,-1.1000551575451407,-0.00019378770641349848,3.002513826043238e-06,4.2586898395721926e-05
Earth,2453371.5,-0.1809376291068611,0.9665092020942322,-1.315880608728326e-05,-6.2780595642283155,-1.1774584956593181,0.00016503071066731827,3.002513826043238e-06,4.2586898395721926e-05
Earth,2453736.5,-0.1765528063756417,0.967374625100779,-1.024585389390805e-05,-6.286640298557193,-1.1526127544255858,-4.463047915477501e-05,3.002513826043238e-06,4.2586898395721926e-05
Earth,2454101.5,-0.1721041037366789,0.9681072715907708,-1.765572586457943e-05,-6.286813480222464,-1.124410858770436,-2.8428492341497523e-05,3.002513826043238e-06,4.2586898395721926e-05
Earth,2454466.5,-0.1676694527817057,0.9688884737786436,-1.524682521542437e-05,-6.295113634775878,-1.092893064491991,0.00018703906319742416,3.002513826043238e-06,4.2586898395721926e-05
Earth,2454832.5,-0.1804685120874781,0.9666022863281044,-1.872793512259432e-05,-6.28092180403333,-1.179002095790701,-0.0001747756577817791,3.002513826043238e-06,4.2586898395721926e-05
Earth,2455197.5,-0.1760177904950576,0.9674205017753481,-2.188458865774366e-05,-6.2818406411397,-1.1478946624096018,0.0003018027851030183,3.002513826043238e-06,4.2586898395721926e-05
Earth,2455562.5,-0.1715953728625242,0.9682684521984829,-2.410924680730347e-05,-6.291889441544198,-1.1189906005774335,-0.00015247684270586472,3.002513826043238e-06,4.2586898395721926e-05
Earth,2455927.5,-0.167219427008785,0.969007311223683,-3.055510412056712e-05,-6.2944709795183265,-1.0944264450741477,0.000126869612701876,3.002513826043238e-06,4.2586898395721926e-05
Earth,2456293.5,-0.1800225589928464,0.9666749275845473,-2.643521304941891e-05,-6.278461207288119,-1.171898042479282,5.017100081887325e-05,3.002513826043238e-06,4.2586898395721926e-05
Earth,2456658.5,-0.1755910745777044,0.9675533787487294,-3.199785987245112e-05,-6.287997417042917,-1.145846693825595,-8.536788021082174e-05,3.002513826043238e-06,4.2586898395721926e-05
Earth,2457023.5,-0.1711651654976284,0.9682993413207979,-2.976339460220266e-05,-6.288241279960578,-1.1191683070551257,0.0002462099060188939,3.002513826043238e-06,4.2586898395721926e-05
Earth,2457388.5,-0.1667607809992801,0.9690699370346685,-3.426620925967771e-05,-6.294972532040642,-1.086995008786221,-0.0001517388680567055,3.002513826043238e-06,4.2586898395721926e-05
Earth,2457754.5,-0.1796136509111975,0.9667949206859814,-3.668681017942158e-05,-6.28244011314464,-1.1728857587488095,0.0002895605842809697,3.002513826043238e-06,4.2586898395721926e-05
Earth,2458119.5,-0.1752200593182891,0.9675633322693306,-3.79969717182827e-05,-6.2827561166579775,-1.143335545068008,-9.272325704103487e-05,3.002513826043238e-06,4.2586898395721926e-05
Earth,2458484.5,-0.1707556589129549,0.9683716593288243,-4.626573264249524e-05,-6.292560847333805,-1.113027217612137,0.00012191527797030233,3.002513826043238e-06,4.2586898395721926e-05
Earth,2458849.5,-0.1663457602264735,0.9691203923795578,-4.12553307140163e-05,-6.29661564206539,-1.0890004999642033,0.00015539807916644115,3.002513826043238e-06,4.2586898395721926e-05
Earth,2459215.5,-0.1791160211966743,0.9668129275452991,-4.685077670480967e-05,-6.279035029309719,-1.1669755224843412,-9.692866642188112e-05,3.002513826043238e-06,4.2586898395721926e-05
Earth,2459580.5,-0.1746535618669703,0.9677212569103888,-4.558207913061104e-05,-6.288870710386125,-1.139317370754199,0.00032268766884187413,3.002513826043238e-06,4.2586898395721926e-05
Earth,2459945.5,-0.1702559696974332,0.9684854756037363,-4.886027562998765e-05,-6.289768083552112,-1.1138843910689722,-0.00013479386549007224,3.002513826043238e-06,4.2586898395721926e-05
Earth,2460310.5,-0.1658512460341716,0.9692307824650869,-5.491524466498898e-05,-6.295042630208524,-1.0813826024851376,0.00024981166930539703,3.002513826043238e-06,4.2586898395721926e-05
Earth,2460676.5,-0.1786834409731047,0.9669827953774551,-5.109423915082682e-05,-6.284030766954756,-1.1664379973944576,1.9932328279866845e-06,3.002513826043238e-06,4.2586898395721926e-05
Mars,2451544.5,1.390361066039004,-0.02100972225898467,-0.0346180144092705,0.2731803864064453,5.546795591649203,0.10948486018759859,3.2262443438914033e-07,2.266042780748663e-05
Mars,2451910.5,-1.647341536017414,-0.05752243062899393,0.03928463874623937,0.3700853453043346,-4.671932683873901,-0.10695946979492119,3.2262443438914033e-07,2.266042780748663e-05
Mars,2452275.5,1.279436972082798,0.6273775480325081,-0.01830158300610101,-2.053828510493327,5.024994595881076,0.1557303779268279,3.2262443438914033e-07,2.266042780748663e-05
Mars,2452640.5,-1.503694756915682,-0.5925889395987203,0.0245304007775542,2.065582681800618,-4.318345865819104,-0.1412184831345012,3.2262443438914033e-07,2.266042780748663e-05
Mars,2453005.5,0.9289922376649383,1.144896734528218,0.001165187582428489,-3.7738731080180616,3.656570431286631,0.16932751083289596,3.2262443438914033e-07,2.266042780748663e-05
Mars,2453371.5,-1.156778111296234,-1.060258467891456,0.006202429125529438,3.645353949943497,-3.330632844732561,-0.15934190585343092,3.2262443438914033e-07,2.266042780748663e-05
Mars,2453736.5,0.4083171049329258,1.475673847761194,0.02088903842822836,-4.732537410822358,1.7977803448664604,0.1539294226275777,3.2262443438914033e-07,2.266042780748663e-05
Mars,2454101.5,-0.6538075028310104,-1.366082077982376,-0.01256066647055583,4.803306388592984,-1.7684501327066062,-0.15504041734795992,3.2262443438914033e-07,2.266042780748663e-05
Mars,2454466.5,-0.1651689173783846,1.574997900073288,0.03705332192799764,-4.88983987423218,-0.0994072582753862,0.11801581072318604,3.2262443438914033e-07,2.266042780748663e-05
Mars,2454832.5,-0.03641250548557586,-1.457507441982587,-0.02964277631436093,5.30288489296749,0.31178397072279246,-0.12369892995228039,3.2262443438914033e-07,2.266042780748663e-05
Mars,2455197.5,-0.7296712783321331,1.454285821314244,0.04838987851259755,-4.374702797725677,-1.858027622771148,0.06849150784931853,3.2262443438914033e-07,2.266042780748663e-05
Mars,2455562.5,0.5722309483903077,-1.290986269965376,-0.04110307100680766,4.865469742177792,2.509921554401165,-0.06687890820519198,3.2262443438914033e-07,2.266042780748663e-05
Mars,2455927.5,-1.189483379474983,1.150321937659578,0.05330942349367238,-3.3600382886284215,-3.238679943539384,0.014642110211472869,3.2262443438914033e-07,2.266042780748663e-05
Mars,2456293.5,1.08006422821631,-0.866514427448075,-0.04467342525277128,3.3929472882104292,4.423483072290047,0.009373654381102088,3.2262443438914033e-07,2.266042780748663e-05
Mars,2456658.5,-1.51243876000466,0.6968154221281027,0.05172406682028827,-1.9471239710012467,-4.205684900282505,-0.040325726216531216,3.2262443438914033e-07,2.266042780748663e-05
Mars,2457023.5,1.35584976878128,-0.2749620295534162,-0.03903977531394885,1.212200841264413,5.44630728614678,0.0843639861550288,3.2262443438914033e-07,2.266042780748663e-05
Mars,2457388.5,-1.64840192856404,0.1700187227875687,0.04401876360235481,-0.3337173177863465,-4.647707083622444,-0.0892027447064549,3.2262443438914033e-07,2.266042780748663e-05
Mars,2457754.5,1.354702870189082,0.3868749023501845,-0.02514009742148584,-1.2078925848141335,5.352081739961237,0.14180049518371782,3.2262443438914033e-07,2.266042780748663e-05
Mars,2458119.5,-1.583672712364063,-0.3890283220620598,0.03071411289287227,1.4101779244741348,-4.527004590732506,-0.12947101838930822,3.2262443438914033e-07,2.266042780748663e-05
Mars,2458484.5,1.090214036149215,0.9612816784217787,-0.006608744866360567,-3.1861773631130106,4.269878442619022,0.16765156636495504,3.2262443438914033e-07,2.266042780748663e-05
Mars,2458849.5,-1.320107605296628,-0.8857574639930432,0.01382907541246423,3.0391921928136587,-3.8069203001557956,-0.15434068863154948,3.2262443438914033e-07,2.266042780748663e-05
Mars,2459215.5,0.6208753866159998,1.37567394095375,0.01359788370955226,-4.465080596287086,2.5370974083822038,0.16270112034578238,3.2262443438914033e-07,2.266042780748663e-05
Mars,2459580.5,-0.8667737365582333,-1.268824849100116,-0.005329796658701608,4.412168420787201,-2.444992826675869,-0.15947141336299225,3.2262443438914033e-07,2.266042780748663e-05
Mars,2459945.5,0.06087796500167329,1.562753194530568,0.03125918232294385,-4.9137141609690556,0.6331812640087982,0.13380089578005716,3.2262443438914033e-07,2.266042780748663e-05
Mars,2460310.5,-0.2933582835667315,-1.451123103951722,-0.02321561977006904,5.202419198895989,-0.5742383974160205,-0.13964477059011396,3.2262443438914033e-07,2.266042780748663e-05
Mars,2460676.5,-0.521685866568138,1.525234576802456,0.04475559803760917,-4.642997698467515,-1.2195111589297836,0.0883097131204145,3.2262443438914033e-07,2.266042780748663e-05
Jupiter,2451544.5,4.003460488693537,2.935353187887882,-0.1018230443988181,-1.6669099780122552,2.3548669098567485,0.027565452812468257,0.0009542483660130719,0.0004673128342245989
Jupiter,2451910.5,1.796758530427861,4.71492983919251,-0.0597998422233255,-2.613250121356665,1.11302300067537,0.05387663781758093,0.0009542483660130719,0.0004673128342245989
Jupiter,2452275.5,-0.9501230814410564,5.082865856063624,0.0001546224279638976,-2.7466846297624388,-0.3767664072469975,0.06302137565411295,0.0009542483660130719,0.0004673128342245989
Jupiter,2452640.5,-3.441577091981122,4.032668646963315,0.06027077097594316,-2.132864993860067,-1.660965914576352,0.054620946217253726,0.0009542483660130719,0.0004673128342245989
Jupiter,2453005.5,-5.046195599496702,1.931436141009945,0.1049014885037009,-1.0206869336140147,-2.446408441312562,0.03298611986321913,0.0009542483660130719,0.0004673128342245989
Jupiter,2453371.5,-5.412959543870101,-0.6553619764819513,0.123847469328713,0.2971555006855881,-2.6087825990002664,0.004173023575437845,0.0009542483660130719,0.0004673128342245989
Jupiter,2453736.5,-4.482848374234359,-3.079833180747829,0.1130990965689406,1.5273572791917758,-2.1440388382731963,-0.025293250257640374,0.0009542483660130719,0.0004673128342245989
Jupiter,2454101.5,-2.474679596919397,-4.760523943437301,0.07513889892273816,2.4134970522322416,-1.142667737573317,-0.04926743698316157,0.0009542483660130719,0.0004673128342245989
Jupiter,2454466.5,0.1481801883681291,-5.245561314727159,0.01846001978031499,2.7236218238719445,0.20824938628644668,-0.0618062978746322,0.0009542483660130719,0.0004673128342245989
Jupiter,2454832.5,2.728890047149288,-4.325054471401853,-0.04311147112570871,2.2992510729956455,1.602988760977209,-0.058094113329608385,0.0009542483660130719,0.0004673128342245989
Jupiter,2455197.5,4.509063428061618,-2.166482192583232,-0.09190942796554223,1.1604954539835197,2.617585613144007,-0.03684027296492267,0.0009542483660130719,0.0004673128342245989
Jupiter,2455562.5,4.906127628641642,0.6485254713747479,-0.11248277592805,-0.3954437369722196,2.865593777030482,-0.0030669267815813823,0.0009542483660130719,0.0004673128342245989
Jupiter,2455927.5,3.755864951551288,3.25753803429493,-0.09757627378320773,-1.8407957140191546,2.2152538647981976,0.03199519092136972,0.0009542483660130719,0.0004673128342245989
Jupiter,2456293.5,1.425267608829066,4.858554342878719,-0.05207190083003959,-2.680416489601498,0.9076976273890787,0.05621212530503179,0.0009542483660130719,0.0004673128342245989
Jupiter,2456658.5,-1.330796741555186,5.018726048322568,0.008935647801077915,-2.6997648439629955,-0.576068486338112,0.06282577063453625,0.0009542483660130719,0.0004673128342245989
Jupiter,2457023.5,-3.729567733577366,3.794115177956197,0.0676976730467376,-2.000329327912172,-1.8034805349270009,0.05225970226552183,0.0009542483660130719,0.0004673128342245989
Jupiter,2457388.5,-5.176017821120232,1.59016225817868,0.1092164512626115,-0.8427361228447884,-2.5069901282231717,0.02927731144618746,0.0009542483660130719,0.0004673128342245989
Jupiter,2457754.5,-5.359733649091082,-1.012670956022514,0.1241357379137666,0.47909942704734415,-2.580592847745556,-6.144850911110846e-07,0.0009542483660130719,0.0004673128342245989
Jupiter,2458119.5,-4.261270549787655,-3.367325322585891,0.1093344545676866,1.6772820357265708,-2.0344054340088262,-0.02907386104725024,0.0009542483660130719,0.0004673128342245989
Jupiter,2458484.5,-2.134292198179379,-4.905279750261199,0.06812904063805554,2.4962260125590485,-0.9704443240684253,-0.051821305220307375,0.0009542483660130719,0.0004673128342245989
Jupiter,2458849.5,0.5261470562231202,-5.201022508400064,0.009830503792617417,2.7114970938216074,0.4079351625699364,-0.062369082131356585,0.0009542483660130719,0.0004673128342245989
Jupiter,2459215.5,3.041479793878051,-4.088163501891387,-0.05106843621759697,2.180003197053164,1.7770466949778447,-0.05617137844340674,0.0009542483660130719,0.0004673128342245989
Jupiter,2459580.5,4.658081981597312,-1.794562404800887,-0.09676268523921197,0.9588546176557401,2.704320534994461,-0.032690292399163816,0.0009542483660130719,0.0004673128342245989
Jupiter,2459945.5,4.838224548570248,1.045236640793527,-0.1125883922610754,-0.6148863289559493,2.8266022613099397,0.002020032660598349,0.0009542483660130719,0.0004673128342245989
Jupiter,2460310.5,3.493170425349208,3.55504313185473,-0.09292065985813885,-2.0000526615084424,2.0634961182859124,0.03616254071373395,0.0009542483660130719,0.0004673128342245989
Jupiter,2460676.5,1.056033545576702,4.971452162023883,-0.04427806378454757,-2.7307084944576565,0.7029112339232497,0.05816881398076024,0.0009542483660130719,0.0004673128342245989
Saturn,2451544.5,6.408556035505925,6.568042752621957,-0.3691272880681217,-1.5671199172228845,1.4215496737239375,0.03747821277516001,0.00028572146807440927,0.0003892379679144385
Saturn,2451910.5,4.68575899294591,7.809967981291948,-0.3222342528736165,-1.8571868652088055,1.0452293877591243,0.05561079335814236,0.00028572146807440927,0.0003892379679144385
Saturn,2452275.5,2.722761645500582,8.640072858679936,-0.2586067276118538,-2.0541294077568115,0.6077208156694426,0.07115193720401594,0.00028572146807440927,0.0003892379679144385
Saturn,2452640.5,0.6156854102363479,9.012299875937009,-0.1812808479045729,-2.1437448280208433,0.13298857589609858,0.08304890215450453,0.00028572146807440927,0.0003892379679144385
Saturn,2453005.5,-1.523786928739269,8.903442877654978,-0.09429572172678954,-2.1188614639143353,-0.35028363333038176,0.0904952617332574,0.00028572146807440927,0.0003892379679144385
Saturn,2453371.5,-3.586777797161241,8.317500827121481,-0.002042087203602417,-1.98059350865312,-0.8136978791240661,0.09306643343114586,0.00028572146807440927,0.0003892379679144385
Saturn,2453736.5,-5.453684387916113,7.29303470053218,0.09005999803306582,-1.7404643876682449,-1.2267493620761956,0.09066130619295383,0.00028572146807440927,0.0003892379679144385
Saturn,2454101.5,-7.036506285345967,5.889819434531478,0.1774740451575638,-1.415602047559081,-1.5680973871263255,0.08361956454269961,0.00028572146807440927,0.0003892379679144385
Saturn,2454466.5,-8.26169742684553,4.188103562852246,0.2558764138134865,-1.0285545960284153,-1.8218418246496697,0.07258187402027023,0.00028572146807440927,0.0003892379679144385
Saturn,2454832.5,-9.080977359418867,2.274981152474581,0.3218206350058269,-0.6026679121597195,-1.9796720424704826,0.058376538890321815,0.00028572146807440927,0.0003892379679144385
Saturn,2455197.5,-9.464256597235392,0.2586843785429683,0.3722104934803856,-0.16403562761067061,-2.039086453944712,0.04193863242819166,0.00028572146807440927,0.0003892379679144385
Saturn,2455562.5,-9.411630379507361,-1.769506077682957,0.4054427113427828,0.2667155348805243,-2.0046659892189043,0.024216531665314373,0.00028572146807440927,0.0003892379679144385
Saturn,2455927.5,-8.940264714382161,-3.719412654954803,0.4206161730757284,0.6714398752087934,-1.8842116636577466,0.006051518168918414,0.00028572146807440927,0.0003892379679144385
Saturn,2456293.5,-8.080935766480986,-5.514688587694174,0.417623679425319,1.0363098924448435,-1.6873852292382285,-0.011892897538850911,0.00028572146807440927,0.0003892379679144385
Saturn,2456658.5,-6.885192589200265,-7.075478248485042,0.3971356226317339,1.3476160403498108,-1.4270551486346699,-0.02876417606780349,0.00028572146807440927,0.0003892379679144385
Saturn,2457023.5,-5.408154218881145,-8.349238471943371,0.3604466034514719,1.5977017100351738,-1.1151612323525408,-0.044124820407329,0.00028572146807440927,0.0003892379679144385
Saturn,2457388.5,-3.714375737549108,-9.290971828295552,0.309360334459133,1.7801877582979393,-0.7646550819866561,-0.05751296497287479,0.00028572146807440927,0.0003892379679144385
Saturn,2457754.5,-1.868495886977523,-9.869704547237628,0.2459234919102626,1.8911597781848732,-0.3874786819998925,-0.0685006486330148,0.00028572146807440927,0.0003892379679144385
Saturn,2458119.5,0.04609462146147577,-10.06314621626003,0.1730741903602583,1.9275937778428651,0.00140212746391434,-0.07677602509269896,0.00028572146807440927,0.0003892379679144385
Saturn,2458484.5,1.959578713622134,-9.867123667779564,0.09351849570384685,1.8890730988383977,0.39012218897195305,-0.08205394143020252,0.00028572146807440927,0.0003892379679144385
Saturn,2458849.5,3.797244858179945,-9.288096508474688,0.01033316774702351,1.7763964845519185,0.7660046333306979,-0.08411907603219469,0.00028572146807440927,0.0003892379679144385
Saturn,2459215.5,5.49036012589497,-8.342123518211071,-0.07347692163431904,1.5913549966840372,1.1171501813361966,-0.08285567045540648,0.00028572146807440927,0.0003892379679144385
Saturn,2459580.5,6.960077386083067,-7.066617015693108,-0.1541257342275609,1.339731875422332,1.4282837519104352,-0.07819815946159794,0.00028572146807440927,0.0003892379679144385
Saturn,2459945.5,8.147386794668694,-5.505124932230773,-0.2285151031504964,1.0275626113232572,1.6871048060420877,-0.07020625555486788,0.00028572146807440927,0.0003892379679144385
Saturn,2460310.5,8.996072178834984,-3.716158627193116,-0.2934040831625142,0.6637099287259762,1.8812301909620164,-0.05905283688634484,0.00028572146807440927,0.0003892379679144385
Saturn,2460676.5,9.461067271500818,-1.764614720843175,-0.3458764004169705,0.25910133006123365,1.9997793752167754,-0.04501143655293356,0.00028572146807440927,0.0003892379679144385
Uranus,2451544.5,14.43051609648136,-13.73565967460644,-0.2381293855338772,0.9783095705847911,0.9761039263469831,-0.009040352037327075,4.364504776269483e-05,0.0001695187165775401
Uranus,2451910.5,15.37333706573854,-12.72455463940824,-0.2465775889630795,0.9028789793239321,1.0409487546547331,-0.007820704238146845,4.364504776269483e-05,0.0001695187165775401
Uranus,2452275.5,16.23662145628234,-11.65442719430496,-0.2537554824656136,0.824349411166806,1.0998456066496316,-0.0065479419634778945,4.364504776269483e-05,0.0001695187165775401
Uranus,2452640.5,17.01992153632577,-10.52820562435059,-0.2596757749965781,0.7427886684891041,1.1532234643388186,-0.0052754035381138,4.364504776269483e-05,0.0001695187165775401
Uranus,2453005.5,17.72034676389035,-9.351334757570173,-0.2643308368993413,0.6584604618944084,1.201242873976026,-0.003998382683430559,4.364504776269483e-05,0.0001695187165775401
Uranus,2453371.5,18.33667188725035,-8.125816586789009,-0.2677200719028568,0.5711904499360717,1.2438627996354066,-0.002688309653676621,4.364504776269483e-05,0.0001695187165775401
Uranus,2453736.5,18.86287215162663,-6.863855165490655,-0.2698181241059137,0.4814870577520056,1.2808190316302241,-0.0014252264601169154,4.364504776269483e-05,0.0001695187165775401
Uranus,2454101.5,19.2982114230086,-5.567851322516344,-0.2706277741756376,0.38938596451645324,1.3119879214938166,-0.00015051942850893138,4.364504776269483e-05,0.0001695187165775401
Uranus,2454466.5,19.64030590375443,-4.243711212038975,-0.2701400434254458,0.2949210259207904,1.3370457115195615,0.0011459233485354055,4.364504776269483e-05,0.0001695187165775401
Uranus,2454832.5,19.8875227764746,-2.893981485560364,-0.2683403891446335,0.1981077654026807,1.3557535302566148,0.0024343204376276674,4.364504776269483e-05,0.0001695187165775401
Uranus,2455197.5,20.03661972420862,-1.53273147937067,-0.2652313852231223,0.09996386834467244,1.367442476628607,0.0037667282585351755,4.364504776269483e-05,0.0001695187165775401
Uranus,2455562.5,20.08706827658145,-0.1634243036217619,-0.2608103906858677,0.0007919445693983111,1.3717996424294876,0.005096526839126172,4.364504776269483e-05,0.0001695187165775401
Uranus,2455927.5,20.03835034237562,1.206500841762962,-0.2550912515268086,-0.0983811046295537,1.3687084606819901,0.006380829053537655,4.364504776269483e-05,0.0001695187165775401
Uranus,2456293.5,19.89033334533038,2.573355086309018,-0.2480829809620888,-0.19691257864507383,1.3582318970838558,0.007647140849371592,4.364504776269483e-05,0.0001695187165775401
Uranus,2456658.5,19.64500875007205,3.922598152675691,-0.239869425401216,-0.2938343136571523,1.3409799666360367,0.008817907827289681,4.364504776269483e-05,0.0001695187165775401
Uranus,2457023.5,19.30372698690967,5.251361629977181,-0.2304859275301889,-0.38893357199105294,1.3173391838770425,0.009916200719955673,4.364504776269483e-05,0.0001695187165775401
Uranus,2457388.5,18.86832428083424,6.553426244786173,-0.2199871334928019,-0.4821429680456261,1.287546700632296,0.010976368787422353,4.364504776269483e-05,0.0001695187165775401
Uranus,2457754.5,18.33923524938768,7.826214369775359,-0.2083958465234289,-0.5736080614965795,1.2518041944049072,0.012030961953145554,4.364504776269483e-05,0.0001695187165775401
Uranus,2458119.5,17.72148156265955,9.056871093649049,-0.1958285499770924,-0.6624753462673278,1.2102386196276342,0.013014494794871637,4.364504776269483e-05,0.0001695187165775401
Uranus,2458484.5,17.01606248004406,10.24309929180632,-0.1823084083706322,-0.7489742871098233,1.162837732951286,0.013971168254772197,4.364504776269483e-05,0.0001695187165775401
Uranus,2458849.5,16.22549318799727,11.37903427774423,-0.1678882081154372,-0.8328062962595252,1.1095886047792838,0.014884311431767874,4.364504776269483e-05,0.0001695187165775401
Uranus,2459215.5,15.35003070881931,12.46159938214345,-0.1525766059818771,-0.9139314695228014,1.050056451655068,0.015675359966070054,4.364504776269483e-05,0.0001695187165775401
Uranus,2459580.5,14.39762063208569,13.47871561888364,-0.1365125041909808,-0.9914722106711201,0.9844515115633807,0.01644664676741673,4.364504776269483e-05,0.0001695187165775401
Uranus,2459945.5,13.36973849928487,14.4270620301166,-0.1197170021192079,-1.0648433869236884,0.9124533853290642,0.01715223407409973,4.364504776269483e-05,0.0001695187165775401
Uranus,2460310.5,12.27098634469153,15.30029134273843,-0.1022649933744543,-1.1331856635296116,0.8341719604019979,0.01776809785359183,4.364504776269483e-05,0.0001695187165775401
Uranus,2460676.5,11.10362881512566,16.09448391218202,-0.0841983325852499,-1.1957292392289978,0.7500512221290913,0.0182938715159695,4.364504776269483e-05,0.0001695187165775401
Neptune,2451544.5,16.81075772645342,-24.99265127854981,0.1272705717411974,0.9420589516841174,0.6488137292440083,-0.03513706569521184,5.1483157365510307e-05,0.00016457219251336897
Neptune,2451910.5,17.74183257864791,-24.32493228071159,0.09210033012160501,0.9159098279010002,0.6834996017839835,-0.035038543805847956,5.1483157365510307e-05,0.00016457219251336897
Neptune,2452275.5,18.64408522230545,-23.62526241809287,0.05691472573235754,0.8894972299039423,0.7167706102878965,-0.03510779423483078,5.1483157365510307e-05,0.00016457219251336897
Neptune,2452640.5,19.51954955480084,-22.89285805999628,0.02165064845074371,0.8624773754436036,0.7491667743468743,-0.035207018600037394,5.1483157365510307e-05,0.00016457219251336897
Neptune,2453005.5,20.36756851157362,-22.12841201754562,-0.01365741748312754,0.8347033345634122,0.7809652541156777,-0.03531951220395939,5.1483157365510307e-05,0.00016457219251336897
Neptune,2453371.5,21.18944135350513,-21.33023011020985,-0.04906567593946363,0.8056753768686019,0.8120692151642622,-0.03547162726260856,5.1483157365510307e-05,0.00016457219251336897
Neptune,2453736.5,21.97955208473265,-20.50318330504666,-0.08433414002829905,0.775382098281786,0.8427743606092922,-0.03536446465862596,5.1483157365510307e-05,0.00016457219251336897
Neptune,2454101.5,22.73882369789326,-19.64574568670799,-0.1195072635805211,0.7437143146084035,0.8728777859400165,-0.03515577842457819,5.1483157365510307e-05,0.00016457219251336897
Neptune,2454466.5,23.46569738763562,-18.75867180836368,-0.1545263670680132,0.7104161947753028,0.9021094842908001,-0.034873173678616955,5.1483157365510307e-05,0.00016457219251336897
Neptune,2454832.5,24.16032431118875,-17.84046454875994,-0.1894233506493996,0.6755075167842574,0.9303858821649796,-0.034579699565975175,5.1483157365510307e-05,0.00016457219251336897
Neptune,2455197.5,24.81715268280607,-16.89757837537791,-0.2239411625681938,0.6389246370161173,0.9566625080777496,-0.034349827969903275,5.1483157365510307e-05,0.00016457219251336897
Neptune,2455562.5,25.43658070726283,-15.92941046383292,-0.2581104380767945,0.6008651984488481,0.9808037533042371,-0.03406761234554763,5.1483157365510307e-05,0.00016457219251336897
Neptune,2455927.5,26.01751412250581,-14.93815177308761,-0.2918746246742815,0.5619533153266227,1.0027200862556929,-0.033704945192373686,5.1483157365510307e-05,0.00016457219251336897
Neptune,2456293.5,26.56083823075845,-13.92317250240091,-0.3252790480583069,0.5224307168423833,1.0225899490490433,-0.033130540806918136,5.1483157365510307e-05,0.00016457219251336897
Neptune,2456658.5,27.06345123175177,-12.89185888726121,-0.358105280448526,0.48314286770120035,1.0409788471078012,-0.032527647778770395,5.1483157365510307e-05,0.00016457219251336897
Neptune,2457023.5,27.52684871515191,-11.84290615363071,-0.3904137077532541,0.4439114316606549,1.0581608661140272,-0.0319250441907742,5.1483157365510307e-05,0.00016457219251336897
Neptune,2457388.5,27.95085105563214,-10.77742543039239,-0.4221697214300262,0.4044215189519444,1.0742469951088316,-0.031345038010376476,5.1483157365510307e-05,0.00016457219251336897
Neptune,2457754.5,28.33608502431575,-9.693419286361477,-0.4534198239227615,0.3644322256474537,1.08934234144013,-0.030937535975946884,5.1483157365510307e-05,0.00016457219251336897
Neptune,2458119.5,28.67982724708239,-8.597789587470947,-0.483948836288005,0.32365901252774,1.1032990005126986,-0.030351701468384264,5.1483157365510307e-05,0.00016457219251336897
Neptune,2458484.5,28.98239297689988,-7.488635207611613,-0.513793430014454,0.2818726072820123,1.1161491313483587,-0.02965012352549177,5.1483157365510307e-05,0.00016457219251336897
Neptune,2458849.5,29.24281358756603,-6.367188613694623,-0.5428996901445959,0.23906572471231594,1.1277555478331993,-0.028828245860972317,5.1483157365510307e-05,0.00016457219251336897
Neptune,2459215.5,29.4605258582374,-5.23182464795437,-0.5712847929298472,0.19505970565782038,1.1378743471376136,-0.0277749423829956,5.1483157365510307e-05,0.00016457219251336897
Neptune,2459580.5,29.63326739603472,-4.090629067373305,-0.5987343143371974,0.1502874388270182,1.1458137422173176,-0.02687242156238729,5.1483157365510307e-05,0.00016457219251336897
Neptune,2459945.5,29.76086241220543,-2.942812938582273,-0.6252708228842427,0.10498179532456059,1.1512466973481028,-0.02598732888380468,5.1483157365510307e-05,0.00016457219251336897
Neptune,2460310.5,29.84298122874072,-1.79090523696504,-0.6508479610873645,0.05959634290400229,1.1540085070932111,-0.025104077522623176,5.1483157365510307e-05,0.00016457219251336897
Neptune,2460676.5,29.87992735576156,-0.6341879950443392,-0.6754997950415415,0.014396676650921451,1.1543323655849558,-0.024241629980791553,5.1483157365510307e-05,0.00016457219251336897
Pluto,2451544.5,-9.876866563865008,-27.95802013288459,5.850814086362886,1.1099960012451573,-0.5587919773846469,-0.26196905319085695,6.581196581196581e-09,7.941176470588235e-06
Pluto,2451910.5,-8.762079840261546,-28.50133814629653,5.586028890223711,1.1173173861564107,-0.5262345994100689,-0.27176483265123474,6.581196581196581e-09,7.941176470588235e-06
Pluto,2452275.5,-7.638545140439133,-29.00430854248634,5.314100549562671,1.1263459482065223,-0.48750540220278843,-0.275563074317548,6.581196581196581e-09,7.941176470588235e-06
Pluto,2452640.5,-6.504149412341547,-29.46826108932373,5.034767970053615,1.1371112048246255,-0.4455906568161338,-0.27915564167376233,6.581196581196581e-09,7.941176470588235e-06
Pluto,2453005.5,-5.359947844315259,-29.89274459970304,4.748491505216634,1.149172530676138,-0.4023425449777746,-0.28533594092707054,6.581196581196581e-09,7.941176470588235e-06
Pluto,2453371.5,-4.204087023136169,-30.27818610218182,4.454924159471448,1.160870728315467,-0.3622446193677892,-0.2989266999469195,6.581196581196581e-09,7.941176470588235e-06
Pluto,2453736.5,-3.044463853585526,-30.6219691299724,4.156140070519889,1.1647290881108032,-0.32491251850257685,-0.30653009934849723,6.581196581196581e-09,7.941176470588235e-06
Pluto,2454101.5,-1.879732559807145,-30.92479496023574,3.851847697011096,1.16560249603857,-0.28622202675152864,-0.3099842273250316,6.581196581196581e-09,7.941176470588235e-06
Pluto,2454466.5,-0.7118896500934316,-31.18644022557833,3.542543869784541,1.165768802427473,-0.24455388365991745,-0.3106912684695461,6.581196581196581e-09,7.941176470588235e-06
Pluto,2454832.5,0.4601349131441423,-31.40755649287824,3.227865925423198,1.1700175190455837,-0.19699998004839955,-0.3122082445767524,6.581196581196581e-09,7.941176470588235e-06
Pluto,2455197.5,1.627764779551908,-31.58746961125023,2.909986050962041,1.1704610847847825,-0.15619932827027322,-0.31958805479992397,6.581196581196581e-09,7.941176470588235e-06
Pluto,2455562.5,2.792203841080158,-31.72784758702315,2.588531920174224,1.1664547593582053,-0.11961508640560374,-0.32678665432022,6.581196581196581e-09,7.941176470588235e-06
Pluto,2455927.5,3.951913396601101,-31.83003400734315,2.263967203359825,1.158580788362719,-0.0855760639238956,-0.3308235472277168,6.581196581196581e-09,7.941176470588235e-06
Pluto,2456293.5,5.109055644835958,-31.89550044132715,1.935840039213541,1.1479704042949312,-0.04986409666856175,-0.3263756802542487,6.581196581196581e-09,7.941176470588235e-06
Pluto,2456658.5,6.256768870948246,-31.92487463055078,1.606378897012432,1.143199609089212,-0.010959452445714122,-0.32602382286135356,6.581196581196581e-09,7.941176470588235e-06
Pluto,2457023.5,7.397763344808193,-31.91902665432166,1.275076836123042,1.1395375871538522,0.026927576733168753,-0.3289020321348766,6.581196581196581e-09,7.941176470588235e-06
Pluto,2457388.5,8.531441934368171,-31.87827760946486,0.9423191373893125,1.1341171047908762,0.06174929478938,-0.33405466766293984,6.581196581196581e-09,7.941176470588235e-06
Pluto,2457754.5,9.660085861080269,-31.80258150904529,0.6075592327720413,1.1217826848554713,0.0901134632443845,-0.33875574153894594,6.581196581196581e-09,7.941176470588235e-06
Pluto,2458119.5,10.77646387992418,-31.69254932809757,0.2730390246846001,1.1091433462808211,0.12332830131281133,-0.33604708232651365,6.581196581196581e-09,7.941176470588235e-06
Pluto,2458484.5,11.88246857449102,-31.54826428727052,-0.06178668190376348,1.0974837123976418,0.1593012361284049,-0.3321240202061153,6.581196581196581e-09,7.941176470588235e-06
Pluto,2458849.5,12.97671169557805,-31.37016602652889,-0.3965593867861124,1.0872069100040298,0.1963828020767166,-0.33015566011305236,6.581196581196581e-09,7.941176470588235e-06
Pluto,2459215.5,14.06062197346471,-31.15832169331959,-0.7318486381238616,1.078250712613443,0.23073662196605896,-0.3359177933532013,6.581196581196581e-09,7.941176470588235e-06
Pluto,2459580.5,15.12675095161139,-30.91501210558486,-1.065504200934967,1.0613953480943432,0.25886656893831833,-0.3378903606106533,6.581196581196581e-09,7.941176470588235e-06
Pluto,2459945.5,16.17679912937429,-30.64120849558012,-1.398103036287991,1.0416309154041923,0.28544379736968645,-0.33606074709793293,6.581196581196581e-09,7.941176470588235e-06
Pluto,2460310.5,17.20997344880075,-30.33864393367707,-1.729336516858273,1.0219372426718292,0.31274308719569843,-0.3309285141728266,6.581196581196581e-09,7.941176470588235e-06
Pluto,2460676.5,18.22881632666475,-30.0080129390195,-2.059815785829023,1.0077166616289408,0.3454265986522567,-0.3243717823322968,6.581196581196581e-09,7.941176470588235e-06
